{
  "feature_extraction": {
    "volume": {
      "shape": [
        402,
        500
      ],
      "min_val": -0.9944168925285339,
      "max_val": 1.0,
      "mean_val": -0.28683584928512573
    },
    "variance": {
      "shape": [
        402,
        500
      ],
      "min_val": -1.0,
      "max_val": 0.9756263494491577,
      "mean_val": -0.08987406641244888
    },
    "trade_counts": {
      "shape": [
        402,
        500
      ],
      "min_val": -0.8500000238418579,
      "max_val": 1.0,
      "mean_val": -0.24387554824352264
    }
  },
  "classification": {
    "with_uniform": {
      "class_counts": [
        3659.0,
        3659.0,
        0.0,
        3659.0,
        0.0,
        3659.0,
        0.0,
        3659.0,
        3659.0,
        0.0,
        0.0,
        3659.0,
        0.0
      ],
      "class_percentages": [
        14.285714285714285,
        14.285714285714285,
        0.0,
        14.285714285714285,
        0.0,
        14.285714285714285,
        0.0,
        14.285714285714285,
        14.285714285714285,
        0.0,
        0.0,
        14.285714285714285,
        0.0
      ],
      "total_samples": 25613,
      "uniformity_deviation": 7.1216930751734715,
      "config": {
        "force_uniform": true,
        "title": "With Force Uniform"
      }
    },
    "without_uniform": {
      "class_counts": [
        13827.0,
        3199.0,
        2223.0,
        0.0,
        0.0,
        0.0,
        3885.0,
        0.0,
        0.0,
        0.0,
        2379.0,
        4049.0,
        18009.0
      ],
      "class_percentages": [
        29.066027621870465,
        6.724685207374241,
        4.673015072207858,
        0.0,
        0.0,
        0.0,
        8.16674024090307,
        0.0,
        0.0,
        0.0,
        5.000945954468058,
        8.511488091484308,
        37.857097811692
      ],
      "total_samples": 47571,
      "uniformity_deviation": 11.569096914244357,
      "config": {
        "force_uniform": false,
        "title": "Without Force Uniform"
      }
    }
  },
  "dataloader_performance": {
    "Small Batch": {
      "batch_size": 16,
      "num_workers": 2,
      "samples_per_second": 615.3846153846152,
      "memory_usage_mb": 248.0,
      "total_time": 1.6250000000000002,
      "samples_processed": 1000,
      "efficiency_score": 248.13895781637711
    },
    "Medium Batch": {
      "batch_size": 32,
      "num_workers": 4,
      "samples_per_second": 761.9047619047619,
      "memory_usage_mb": 296.0,
      "total_time": 1.3125,
      "samples_processed": 1000,
      "efficiency_score": 257.40025740025743
    },
    "Large Batch": {
      "batch_size": 64,
      "num_workers": 6,
      "samples_per_second": 864.8648648648649,
      "memory_usage_mb": 352.0,
      "total_time": 1.15625,
      "samples_processed": 1000,
      "efficiency_score": 245.70024570024572
    },
    "XL Batch": {
      "batch_size": 128,
      "num_workers": 8,
      "samples_per_second": 927.536231884058,
      "memory_usage_mb": 424.0,
      "total_time": 1.078125,
      "samples_processed": 1000,
      "efficiency_score": 218.75854525567405
    }
  },
  "ml_samples": {
    "batch_size": 3,
    "feature_tensor_shape": [
      3,
      3,
      402,
      500
    ],
    "label_tensor_shape": [
      3
    ],
    "features_included": [
      "volume",
      "variance",
      "trade_counts"
    ],
    "tensor_memory_mb": 6.900787353515625,
    "samples": [
      {
        "features": {
          "volume": "[[-0.93920594 -0.96401983 -0.95471466 ... -0.9351737  -0.91439205\n  -0.93920594]\n [-0.93920594 -0.96401983 -0.95471466 ... -0.9351737  -0.91439205\n  -0.93920594]\n [-0.93920594 -0.96401983 -0.95471466 ... -0.9351737  -0.91439205\n  -0.93920594]\n ...\n [ 0.05086849  0.05055831  0.05086849 ...  0.93920594  0.969603\n   0.969603  ]\n [ 0.05086849  0.05055831  0.05086849 ...  0.93920594  0.969603\n   0.969603  ]\n [ 0.10669975  0.07599255  0.05086849 ...  0.93920594  0.969603\n   0.969603  ]]",
          "variance": "[[-1.2817794e-03 -3.1739299e-03 -9.6034974e-01 ... -4.7809761e-03\n  -2.6978403e-03 -1.9531876e-04]\n [-1.2817794e-03 -3.1739299e-03 -9.6034974e-01 ... -4.7809761e-03\n  -2.6978403e-03 -1.9531876e-04]\n [-1.2817794e-03 -3.1739299e-03 -9.6034974e-01 ... -4.7809761e-03\n  -2.6978403e-03 -1.9531876e-04]\n ...\n [ 1.5342288e-03  1.5259278e-06  2.0811213e-03 ...  3.5109445e-01\n   8.1752515e-01  2.5635588e-04]\n [ 1.5342288e-03  1.5259278e-06  2.0811213e-03 ...  3.5109445e-01\n   8.1752515e-01  2.5635588e-04]\n [ 1.5342288e-03  3.5187285e-03  2.0811213e-03 ...  3.5109445e-01\n   8.1752515e-01  2.5635588e-04]]",
          "trade_counts": "[[-0.7352941  -0.7558824  -0.7588235  ... -0.7088235  -0.7117647\n  -0.7352941 ]\n [-0.7352941  -0.7558824  -0.7588235  ... -0.7088235  -0.7117647\n  -0.7352941 ]\n [-0.7352941  -0.7558824  -0.7588235  ... -0.7088235  -0.7117647\n  -0.7352941 ]\n ...\n [ 0.14705883  0.13235295  0.15       ...  0.9382353   0.9647059\n   0.9705882 ]\n [ 0.14705883  0.13235295  0.15       ...  0.9382353   0.9647059\n   0.9705882 ]\n [ 0.23529412  0.20294118  0.15       ...  0.9382353   0.9647059\n   0.9705882 ]]"
        },
        "label": 0,
        "sample_id": 0
      },
      {
        "features": {
          "volume": "[[-0.9447891  -0.9385856  -0.9385856  ... -0.6414392  -0.603598\n  -0.9702233 ]\n [-0.9447891  -0.9385856  -0.9385856  ... -0.6414392  -0.603598\n  -0.9702233 ]\n [-0.9447891  -0.9385856  -0.9385856  ... -0.6414392  -0.603598\n  -0.9702233 ]\n ...\n [ 0.516129    0.5037221   0.5037221  ...  0.63461536  0.96898264\n   0.6284119 ]\n [ 0.516129    0.5037221   0.5037221  ...  0.63461536  0.96898264\n   0.6284119 ]\n [ 0.5719603   0.5595533   0.5595533  ...  0.63461536  0.96898264\n   0.6284119 ]]",
          "variance": "[[-0.6239766  -0.34992877 -0.62514794 ... -0.5495811  -0.00195319\n  -0.5485977 ]\n [-0.6239766  -0.34992877 -0.62514794 ... -0.5495811  -0.00195319\n  -0.5485977 ]\n [-0.6239766  -0.34992877 -0.62514794 ... -0.5495811  -0.00195319\n  -0.5485977 ]\n ...\n [ 0.00234383  0.00244148  0.00244148 ...  0.3794443   0.5697072\n   0.00102542]\n [ 0.00234383  0.00244148  0.00244148 ...  0.3794443   0.5697072\n   0.00102542]\n [ 0.00234383  0.00244148  0.00244148 ...  0.3794443   0.5697072\n   0.00102542]]",
          "trade_counts": "[[-0.7676471  -0.7676471  -0.7705882  ... -0.80588233 -0.7352941\n  -0.8147059 ]\n [-0.7676471  -0.7676471  -0.7705882  ... -0.80588233 -0.7352941\n  -0.8147059 ]\n [-0.7676471  -0.7676471  -0.7705882  ... -0.80588233 -0.7352941\n  -0.8147059 ]\n ...\n [ 0.6647059   0.6617647   0.6617647  ...  0.88529414  0.90882355\n   0.88235295]\n [ 0.6647059   0.6617647   0.6617647  ...  0.88529414  0.90882355\n   0.88235295]\n [ 0.7529412   0.75        0.75       ...  0.88529414  0.90882355\n   0.88235295]]"
        },
        "label": 6,
        "sample_id": 1
      },
      {
        "features": {
          "volume": "[[-0.57009923 -0.62903225 -0.65384614 ... -0.603598   -0.6098015\n  -0.603598  ]\n [-0.57009923 -0.62903225 -0.65384614 ... -0.603598   -0.6098015\n  -0.603598  ]\n [-0.57009923 -0.62903225 -0.65384614 ... -0.603598   -0.6098015\n  -0.603598  ]\n ...\n [ 0.98200995  0.93920594  0.93889576 ...  0.7831886   0.9379653\n   0.9379653 ]\n [ 0.98200995  0.93920594  0.93889576 ...  0.7831886   0.9379653\n   0.9379653 ]\n [ 0.98200995  0.93920594  0.93889576 ...  0.7831886   0.9379653\n   0.9379653 ]]",