{
  "metadata": {
    "generation_date": "2025-08-05 12:28:26",
    "method": "Final Quantile-Based Classification (All Data)",
    "data_source": "All available parquet files",
    "improvement_focus": "Comprehensive validation with larger dataset"
  },
  "data_characteristics": {
    "training_samples": 735,
    "validation_samples": 315,
    "total_samples": 1050,
    "training_stats": {
      "mean": 1.0608209143509171e-05,
      "std": 0.0004843186305561504,
      "min": -0.001381828320625167,
      "max": 0.0012640233680798474
    },
    "validation_stats": {
      "mean": 1.309926874686164e-05,
      "std": 0.0005305193186332197,
      "min": -0.0014852154285206476,
      "max": 0.001494695921013811
    }
  },
  "final_quantile_thresholds": {
    "all_thresholds": [
      -0.0007254610218678792,
      -0.0005105504106615033,
      -0.0003533335421426198,
      -0.0002222621535696856,
      -0.00010334905924758164,
      -1.0253495797973855e-06,
      7.495801906787225e-05,
      0.0001748124892776426,
      0.000254142263182211,
      0.0003597657275176136,
      0.0005090479154280514,
      0.0007125906508214097
    ],
    "positive_thresholds": {
      "bin_1": 0.0001748124892776426,
      "bin_2": 0.000254142263182211,
      "bin_3": 0.0003597657275176136,
      "bin_4": 0.0005090479154280514,
      "bin_5": 0.0007125906508214097
    },
    "quantile_positions": [
      0.07692307692307693,
      0.15384615384615385,
      0.23076923076923078,
      0.3076923076923077,
      0.38461538461538464,
      0.46153846153846156,
      0.5384615384615384,
      0.6153846153846154,
      0.6923076923076923,
      0.7692307692307693,
      0.8461538461538461,
      0.9230769230769231
    ]
  },
  "final_validation_results": {
    "validation_samples": 315,
    "max_deviation": 3.565323565323566,
    "avg_deviation": 1.592936977552362,
    "quality": "NEEDS IMPROVEMENT",
    "quality_emoji": "\ud83d\udcca",
    "distribution": [
      9.206349206349207,
      8.253968253968253,
      6.666666666666667,
      8.253968253968253,
      9.523809523809524,
      6.666666666666667,
      5.396825396825397,
      6.666666666666667,
      4.1269841269841265,
      6.349206349206349,
      10.476190476190476,
      10.793650793650794,
      7.6190476190476195
    ],
    "deviations": [
      1.5140415140415149,
      0.5616605616605606,
      1.0256410256410255,
      0.5616605616605606,
      1.8315018315018312,
      1.0256410256410255,
      2.2954822954822953,
      1.0256410256410255,
      3.565323565323566,
      1.3431013431013437,
      2.7838827838827838,
      3.101343101343102,
      0.073260073260073
    ]
  },
  "configuration": {
    "micro_pip_size": 1e-05,
    "true_pip_size": 0.0001,
    "ticks_per_bin": 100,
    "lookforward_offset": 500,
    "lookforward_input": 5000,
    "lookback_rows": 5000,
    "nbins": 13
  }
}