{
  "classification": {
    "nbins": 13,
    "method": "quantile_optimized",
    "thresholds": [
      -0.0007254610218678792,
      -0.0005105504106615033,
      -0.0003533335421426198,
      -0.0002222621535696856,
      -0.00010334905924758164,
      -1.0253495797973855e-06,
      7.495801906787225e-05,
      0.0001748124892776426,
      0.000254142263182211,
      0.0003597657275176136,
      0.0005090479154280514,
      0.0007125906508214097
    ],
    "up_threshold": 0.0007125906508214097,
    "down_threshold": -0.0007125906508214097,
    "lookforward_input": 5000,
    "lookback_rows": 5000,
    "lookforward_offset": 500,
    "validation_quality": "NEEDS IMPROVEMENT",
    "max_deviation": 3.565323565323566,
    "avg_deviation": 1.592936977552362
  }
}